{
  "columns": [
    "voltage mean",
    "voltage std",
    "voltage kurtosis",
    "voltage skewness",
    "CC Q",
    "CC charge time",
    "voltage slope",
    "voltage entropy",
    "current mean",
    "current std",
    "current kurtosis",
    "current skewness",
    "CV Q",
    "CV charge time",
    "current slope",
    "current entropy",
    "cycle index"
  ],
  "min": [
    3.441740875912409,
    0.0360520993294219,
    -0.703125450225869,
    0.5769546567290897,
    0.0778371694444444,
    255.0,
    0.0005020512820512,
    3.5909710552474112,
    0.2227344444444444,
    0.1023019068610397,
    -1.1337235575772564,
    0.3159440533170074,
    0.0048761888888889,
    80.0,
    -0.010157,
    2.438815950320542,
    0.0
  ],
  "max": [
    3.4728460526315783,
    0.0526807338618858,
    2.891749085060071,
    1.6563637206769204,
    0.2809509805555555,
    920.0,
    0.0019039999999999,
    4.9723627536391515,
    0.2691290384615384,
    0.1198715130491393,
    -0.4657913325301082,
    0.802399984870881,
    0.0250713333333332,
    355.0,
    -0.001762,
    3.973106063006491,
    2671.0
  ],
  "mean": [
    3.4586269908052127,
    0.046301869240399064,
    0.3214337730235657,
    0.9841512033210595,
    0.18552311512809377,
    607.5218688011622,
    0.0008372036657857359,
    4.477446860883945,
    0.2430059489913317,
    0.11293035368204427,
    -0.8005339676616245,
    0.6069620867529117,
    0.014839576348339326,
    221.26460481099656,
    -0.0035122885931442014,
    3.445200262020927,
    976.0903458776855
  ],
  "std": [
    0.007131564706033357,
    0.003555048216725073,
    0.7189895101607832,
    0.22982221622365903,
    0.0313366615046462,
    102.63209962987817,
    0.00020768577672186875,
    0.18354761535383585,
    0.00690570642926265,
    0.0022551193335567056,
    0.11593036913821872,
    0.0803365224689005,
    0.0035850560575195777,
    50.18691325815701,
    0.0009822690386059566,
    0.24285438903365666,
    602.1615009736937
  ],
  "n_rows": 143172,
  "source": "HUST data (16 features + cycle index), post 3-sigma"
}