{
  "test_hust": {
    "MAE": 0.01071187574416399,
    "MAPE": 0.011287914589047432,
    "MSE": 0.0001866423845058307,
    "RMSE": 0.013661712356283552,
    "n": 35302
  },
  "test_mit": {
    "MAE": 0.010077349841594696,
    "MAPE": 0.010655272752046585,
    "MSE": 0.00019810389494523406,
    "RMSE": 0.01407493854143719,
    "n": 17533
  },
  "test_combined": {
    "MAE": 0.010501313023269176,
    "MAPE": 0.011077974922955036,
    "MSE": 0.00019044580403715372,
    "RMSE": 0.013800210289598986,
    "n": 52835
  }
}